Key;English;French;German;Polish;Spanish;Italian;Swedish;Czech;Hungarian;Dutch;Portuguese;Russian;Finnish;Tibetan
unite_England_with_netherlands_desc;With our monarch on the English throne, the idea of Unification even over the channel has been present ,with this new age we have decided to finally unite our Nations;;;;;;;;;;;;;
unite_England_with_netherlands_title;Over the Channel;;;;;;;;;;;;;
expand_west_title;West Expansion;;;;;;;;;;;;;
expand_west_desc;We long have focused on the eastern coast of the adriatic now with our tight hold it's time to look west.;;;;;;;;;;;;;
demand_milan_title;Demand Milan;;;;;;;;;;;;;
demand_milan_desc;We should get Milan as it has no right to be under german ownership;;;;;;;;;;;;;
greater_genoa_title;A Greater Genoa?;;;;;;;;;;;;;
greater_genoa_desc;With our slow rise we could now make a move to claim surrounding italian lands;;;;;;;;;;;;;
expand_east_title;Expand along the Coast;;;;;;;;;;;;;
expand_east_desc;We long have focused on the far west and the Americas now with our tight hold is time to look at our own peninsula , espiacially the eastern coast.;;;;;;;;;;;;;
annex_egypt_cop_title;Down the Nile;;;;;;;;;;;;;
annex_egypt_cop_desc;Since our Rebelion the Barbarians fled south. We werent able to beat them at the time , but we should go down the nile and legitimize our kingdom once and for all;;;;;;;;;;;;;
form_pirate_guard_title;A national Guard;;;;;;;;;;;;;
form_pirate_guard_desc;Whilest our Corsaire force does the job well , it is time to legitimise our state by getting a true united and standing army;;;;;;;;;;;;;
reclaim_north_africa_title;Reclaim North Africa;;;;;;;;;;;;;
reclaim_north_africa_desc;With our resurgions it's time to return to our former , almost forgotten glory. We have to go up north and beat the barbarians;;;;;;;;;;;;;
form_morocco_title;Form the kingdom of Morocco;;;;;;;;;;;;;
form_morocco_desc;Finally, Morocco is united. The lands are no more split, and now we can form an united front against the Iberians. Glory to the Makhzen!;;;;;;;;;;;;;
form_algeria_title;Form the kingdom of Algeria;;;;;;;;;;;;;
form_algeria_desc;Finally, Algeria is united. The lands are no more split, and now we can form an united front against the Iberians. Glory to Jalalatuh!;;;;;;;;;;;;;
renovate_palace_of_marrakesh_title;Renovate the palace of Marrakesh;;;;;;;;;;;;;
renovate_palace_of_marrakesh_desc;Now that Morocco is united, we can move onto more long term projects. Morocco has been historically based on the city of Marrakesh, and we seek to continue that tradition. With a new palace, new fortifications, and a new military mission to be built, Marrakesh shall serve us well for our crown.;;;;;;;;;;;;;
occupy_dakhla_title;Pacify the south;;;;;;;;;;;;;
occupy_dakhla_desc;The tribes south of the city of Guelmim have always been a thorn on our side. Paying tribute to us half the time and raiding us on the other half, they are both loyal subjects and barbarian menaces. No more. We shall fortify important oasis cities and secure the water near the major wadis. They will bow to us.;;;;;;;;;;;;;
the_tunisian_hinterlands_title;The Tunisian hinterlands;;;;;;;;;;;;;
the_tunisian_hinterlands_desc;Tunis can never be safe from the Berber tribes down south if our borders are so close to the city. We must push south and secure a larger base for our city.;;;;;;;;;;;;;
the_constantine_hinterlands_title;The Constantine hinterlands;;;;;;;;;;;;;
the_constantine_hinterlands_desc;Bone can never be safe from the Berber tribes down south if our borders are so close to our treaty port. We must push south and secure a larger base for our port.;;;;;;;;;;;;;
hanseatic_frisia_title;The Frisia question;;;;;;;;;;;;;
hanseatic_frisia_desc;With our Realm united. It is time to strive for our lost lands. Lets look east to frisia.;;;;;;;;;;;;;
down_the_danube_title;Down the Danube;;;;;;;;;;;;;
down_the_danube_desc;The Danube has been an integral part of our nation for a millenium;;;;;;;;;;;;;
conquest_of_syria_title;Conquest of Syria;;;;;;;;;;;;;
conquest_of_syria_desc;With our growing might we should make a push into the Orient;;;;;;;;;;;;;
conquest_of_levant_title;Into the holy land;;;;;;;;;;;;;
conquest_of_levant_desc;With our growing might we should make a push into the Levant;;;;;;;;;;;;;
colonial_militia_title;Recruit militias;;;;;;;;;;;;;
colonial_militia_desc;Our army is just petty.We need militia's to protect our country's;;;;;;;;;;;;;
hesse_unite_title;Unite Hessen;;;;;;;;;;;;;
hesse_unite_desc;For centuries our land has been fragmented although we are twin. We have the same dialects, the same history and the same culture. So let's claim this land and unite Hessen !;;;;;;;;;;;;;
annex_swabia_title;Claim Swabia;;;;;;;;;;;;;
annex_swabia_desc;We may not understand them ,but the Swabians are closer to us Barians than any over neighbour;;;;;;;;;;;;;
along_the_rhine_title;Along the Rhine;;;;;;;;;;;;;
along_the_rhine_desc;With our strong location in the Rhineland we could push for complete hegemony and go down the rhine 'til the Alps;;;;;;;;;;;;;
alles_ausser_deutsch_title;Hegemon of Swabia;;;;;;;;;;;;;
alles_ausser_deutsch_desc;With our Swabian nature we could lay claim to Sigmaringen and Augsburg to complete our nation;;;;;;;;;;;;;
unite_poland_lithuania_title;Unite Poland and Lithuania;;;;;;;;;;;;;
unite_poland_lithuania_desc;With our close ties between us and Lithuania it could be a smart idea to officially merge both.We have come to this point before ,but decided not to. Our court now questions this decisions.;;;;;;;;;;;;;
unite_poland_hungary_title;Unite Poland and Hungary;;;;;;;;;;;;;
unite_poland_hungary_desc;Although Poland has closer ties with Lithuania, uniting Poland and Hungary could be a smart and stragetic move nonetheless;;;;;;;;;;;;;
become_greece_title;From City to State;;;;;;;;;;;;;
become_greece_desc;For long we have been kept under the water but now we shal rise from the dephts and go to the mountains of Olypus;;;;;;;;;;;;;
last_crusade_title;Last Crusade;;;;;;;;;;;;;
last_crusade_desc;Our Power long forgotten the last thing we can do is a last push, a crusade ,like in the olden days where brave crusaders conquered the holy landâ€¦ and â€¦ ahemâ€¦ sacking a bitâ€¦  .Lets revive this tradition a last time and with modern technology a lasting time aswell;;;;;;;;;;;;;
call_of_crusade_title;Call for the last Crusade;;;;;;;;;;;;;
call_of_crusade_desc;News reached us from the vatican.They castet a spell long forgotten, Deus Vult, the Pope stated.We have a religious reason to join ,but also a strategic one;;;;;;;;;;;;;
german_zoll_verein_title;Der Deutsche Zoll Verein;;;;;;;;;;;;;
german_zoll_verein_desc;To bring more german unity and be more efficient we should start  a costum union;;;;;;;;;;;;;
german_zoll_verein_UBD_title; Deutscher Zoll Verien;;;;;;;;;;;;;
german_zoll_verein_UBD_desc;Whilest we were never part of the Holy Roman Empire.Its of great intrest to us to join the german monitary union;;;;;;;;;;;;;
unite_the_copts_title;Unite the Copts;;;;;;;;;;;;;
unite_the_copts_desc;We should do that.We have long been seperated but we areboth coptic nations;;;;;;;;;;;;;
the_murano_purchase_title;The Murano purchase;;;;;;;;;;;;;
the_murano_purchase_desc;We long are in need of a near port.So lets ask our neighbour Venice;;;;;;;;;;;;;
nord_africa_title;The Nord Afrika Kompanie;;;;;;;;;;;;;
nord_africa_desc;With our new port, we could encourage a settlement and company in North Africa;;;;;;;;;;;;;
danish_pommerania_title;A Danish Pommerania;;;;;;;;;;;;;
danish_pommerania_desc;With our position we could go after Pommerania and have a tighter grip on the Baltic and Northern Germany;;;;;;;;;;;;;
swedish_pommerania_title;A Swedish Pommerania;;;;;;;;;;;;;
swedish_pommerania_desc;With our position we could go after Pommerania and have a tighter grip on the Baltic and Northern Germany;;;;;;;;;;;;;
support_saar_industrialism_title;The Saar Boom;;;;;;;;;;;;;
support_saar_industrialism_desc;With our growing industry we could try to support a high industrial area along the Saar to better our economy;;;;;;;;;;;;;
claim_tirol_title;The Land East;;;;;;;;;;;;;
claim_tirol_desc;We could try to expand east wards;;;;;;;;;;;;;
claim_anhalt_title;Our former Lands;;;;;;;;;;;;;
claim_anhalt_desc;Over the last 1500 years the Saxons moved from the north coast down to the suedettes. Lets try to reclaim what should be ours;;;;;;;;;;;;;
claim_lower_saxony;Our Coast;;;;;;;;;;;;;
claim_lower_saxony;Over the last 1500 years the Saxons moved from the north coast down to the suedettes. Lets try to reclaim what should be ours;;;;;;;;;;;;;
claim_switzerland_bav_title;The Nation of the Alps;;;;;;;;;;;;;
claim_switzerland_bav_desc;We cant leave alone our alpine brothers, they have to be united with us like our fellow swabians have been;;;;;;;;;;;;;
claim_griko_lands_title;Claim Grikko Lands;;;;;;;;;;;;;
claim_griko_lands_desc;Lands in southern Italy have been colonized b Greeks lime we have been, we could clim those colonized lands;;;;;;;;;;;;;
claim_former_genoese_land_title;Genoese Lands;;;;;;;;;;;;;
claim_former_genoese_land_desc;With our win over Genoa, ist time to topple their empire!;;;;;;;;;;;;;
claim_tunis_title;Coast of Tunis;;;;;;;;;;;;;
claim_tunis_desc;With our proximity to Tunis , we can claim the land;;;;;;;;;;;;;
claim_border_title;The Hungarian Border;;;;;;;;;;;;;
claim_border_desc;There are germans at the border ,not any germans bavarians.Oppressed by Hungarians, Ist time to liberate them!;;;;;;;;;;;;;
claim_maghreb_coast_title;The Maghreb Coast;;;;;;;;;;;;;
claim_maghreb_coast_desc;After we took Tunis we can push for maghreb domination;;;;;;;;;;;;;
proclaim_allemania_title;Proclaim Allemania;;;;;;;;;;;;;
proclaim_allemania_desc;We speak a certain dialect found not only in Switzerland , but also in Baden and Lorraine. We should unite our brothers;;;;;;;;;;;;;
claim_allemania_bav_title;Claim Allemania;;;;;;;;;;;;;
claim_allemania_bav_desc;After we took Swabia, ist now our time to unite more germans under our coat;;;;;;;;;;;;;
claim_allemania_wur_title;Claim Allemania;;;;;;;;;;;;;
claim_allemania_wur_desc;After we united Swabia, ist now our time to unite more germans under our coat;;;;;;;;;;;;;
embrace_the_greeks_syc_title;The Griko Questions;;;;;;;;;;;;;
embrace_the_greeks_syc_desc;Once, a long time ago ,Italy saw Greek colonization and migrants flood the south .Nowadays they are known as 'Griko' .We could accept them as equal and build a stronger relation to Greece and former greek landsâ€¦;;;;;;;;;;;;;
embrace_the_greeks_ven_title;The Southern People;;;;;;;;;;;;;
embrace_the_greeks_ven_desc;Venice has been a greek city, once, a long time ago.Now we have our own identity ,but those greeks are still ijn our empire.in the lands south of us.We have long traded with greeks and they form a great minority in our nation.Lets accept them as equal;;;;;;;;;;;;;
claim_greece_italy_desc;Greece was the most important thing the Romans conquered, It was the goal from the Ottomans too ,until they went after Arabia.We have a long presents in Greece and the Greeks.So Lets make it official.The Greeks belong to us;;;;;;;;;;;;;
claim_greece_italy_title;Claim Greece;;;;;;;;;;;;;
embrace_the_misri_title;Embrace the Egyptian Arabs;;;;;;;;;;;;;
embrace_the_misri_desc;We have long owned Egypt by this point.There are still a lot of Arabs her, they call themself 'Misri' they shall not pay for the crimes Egypt commited;;;;;;;;;;;;;
form_britannia_title;Unite Britannia;;;;;;;;;;;;;
form_britannia_desc;Britain has never been united.Now it is time to unite our brothers on the isles ;;;;;;;;;;;;;
form_allemannia_desc;For long our Brothers has been a disunited mess , although we gave germany ist romance name, Allemania.Its time to unite !;;;;;;;;;;;;;
form_allemannia_title;Unite the Allemans;;;;;;;;;;;;;
form_hispania_title;Form Hispania;;;;;;;;;;;;;
form_hispania_desc;It was once a clear fact that Iberia was united as the roman province of Hispania , our cultures are still similar .So lets unite! ;;;;;;;;;;;;;
portugal_sevilla_title;Claim Sevilla;;;;;;;;;;;;;
portugal_sevilla_desc;With Iberia in tourmoil, we could take on the duchy of sevilla;;;;;;;;;;;;;
grenada_sevilla_title;Claim Sevilla;;;;;;;;;;;;;
grenada_sevilla_desc;With Iberia in tourmoil, we could take on the culturally similar duchy of sevilla;;;;;;;;;;;;;
claim_cadiz_title;The City of Cadiz;;;;;;;;;;;;;
claim_cadiz_desc;The City of Cadiz has been a thorn in our eye for a long time now;;;;;;;;;;;;;
lord_navarra_title;Lord of Navarra;;;;;;;;;;;;;
lord_navarra_desc;With the basques at our border and in our own State , we should claim their throne;;;;;;;;;;;;;
king_basques_title;King of the Basques;;;;;;;;;;;;;
king_basques_desc;With our took over of navarra , we should integrate them into our natuion as equals;;;;;;;;;;;;;
claim_south_portugal_title;The south of Portugal;;;;;;;;;;;;;
claim_south_portugal_desc;With many Mozarabic lands  retaken its time to go after our final destination of spouthern Portugal, after that we can rightfully call our self Al Andalus once again;;;;;;;;;;;;;
claim_algerian_coast_title;The Algerian Coast;;;;;;;;;;;;;
claim_algerian_coast_desc;With our Ambitions in Iberia, we can also go after Maghreb aswell;;;;;;;;;;;;;
form_andalus_title;Reform Al-Andalus;;;;;;;;;;;;;
form_andalus_desc;So long we have been a rump state of Iberia.Its time to rise again;;;;;;;;;;;;;
master_of_the_maghreb_title;Master of the Maghreb;;;;;;;;;;;;;
master_of_the_maghreb_desc;With our united iberia and our growing power.We can Colonize in the name of the old reconqista;;;;;;;;;;;;;
colonize_kannata_vel_title;Colonize Kannata;;;;;;;;;;;;;
colonize_kannata_vel_desc;With growing ambitions in Africa it is growing in America too-Ist our time to strike a deal.Lets draw on a map;;;;;;;;;;;;;
colonize_kannata_aki_title;Colonize Kannata;;;;;;;;;;;;;
colonize_kannata_aki_desc;With growing ambitions in Africa it is growing in America too-Ist our time to strike a deal.Lets draw on a map;;;;;;;;;;;;;
claim_new_england_title;Retake Neu LÃ¼beck;;;;;;;;;;;;;
claim_new_england_desc;Since that darn treaty of Neu-Hannover we have been  deprived of our Lands up north;;;;;;;;;;;;;
administrate_roads_title;Administrate Hai'l and Riad;;;;;;;;;;;;;
administrate_roads_desc;with our controll of most that is administratable we can go further inwards and take the big  Citys of Hai'l and Riad;;;;;;;;;;;;;
form_north_italian_union_title;Restore Lega Lomarda;;;;;;;;;;;;;
form_north_italian_union_desc;Long us , the People of former Lombardia have seen similarities between eachoher, more than Naples or Sicily.We once had a semi confederation, the Lega Lombardia, so lets do that again ;;;;;;;;;;;;;
claim_italian_islands_title;No, el nostre mar;;;;;;;;;;;;;
claim_italian_islands_desc;Long ago the Seas of the mediteranian have been ours, they left us for those genoese scum.Now the Ventians are gaining power, so lets become another player in that Game;;;;;;;;;;;;;
administrate_sand_copt_title;Take the Sand;;;;;;;;;;;;;
administrate_sand_copt_desc;Ist time to go away from the nile and go after the desert;;;;;;;;;;;;;
great_river_push_title;Push to the great River;;;;;;;;;;;;;
great_river_push_desc;With our influence mostly vound to the coast , we could expand inwards to the good defendable river;;;;;;;;;;;;;
claim_normandy_title;Return to Normandy;;;;;;;;;;;;;
claim_normandy_desc;William the conqueror was Norman and so we owned Normandy for centuries;;;;;;;;;;;;;
claim_brittany_title;Claim Brittany;;;;;;;;;;;;;
claim_brittany_desc;With the invasion of Anglo Saxons the original Inhabitans fled to France where they still are today;;;;;;;;;;;;;
claim_galica_title;Claim Galicia;;;;;;;;;;;;;
claim_galica_desc;Celts fled to Galicia after the roman invasion of Hispania, we could go after all of our brothers into our realm;;;;;;;;;;;;;
request_letter_marque_title;Request Marque Letters;;;;;;;;;;;;;
request_letter_marque_desc;As the only pirate nation in the world we are not well seen by many countries but we can try to change that by putting ourserlves at the service of the Amauldi.This way we would get protection but they would have more influence on our affairs;;;;;;;;;;;;;
incorparate_vassals_title;Incorparate Vassals;;;;;;;;;;;;;
incorparate_vassals_desc;We have to incorparate all our vassals that are german in Nature;;;;;;;;;;;;;
expell_christians_title;Expell Christians to Columbia;;;;;;;;;;;;;
expell_christians_desc;With the rising threat of Christians in our country the Idea of expelling them to another continent has been becoming more and more prevelant.;;;;;;;;;;;;;
Arizonan_colonization_title;Annexation of the four border tribes;;;;;;;;;;;;;
Arizonan_colonization_desc;Since our independence, we have used auxiliary forces from the four border tribes of the Hopi, the Navajo, the O'odham, and the Zuni to guard our borders. However, our population has grown and now we do not need the additional troops. We shall march west and seize their lands instead.;;;;;;;;;;;;;
form_byzantium_title;Restore Byzantium;;;;;;;;;;;;;
form_byzantium_desc;For long the romans have been living without their ancient nation.Now is the time to change;;;;;;;;;;;;;
TIB_claim_Burma_title;Our Claims on Burma;;;;;;;;;;;;;
TIB_claim_Burma_desc;We have beaten back the Chinese rebels, we have beaten back the Korean false Emperor. Now, we have proven ourselves as the rightful rulers of all Tibeto-Burmans, and we shall use our claim to strengthen our dominion;;;;;;;;;;;;;
mountain_lord_title;Lord of the Himalaya's;;;;;;;;;;;;;
mountain_lord_desc;With our People and Nation always being stationed in the Himalaya mountains, we shall expand to take all of them;;;;;;;;;;;;;
plain_lord_title;Lord of the plains;;;;;;;;;;;;;
plain_lord_desc;With our nomad ancestry we could go back to the plains where we come from;;;;;;;;;;;;;
steppe_lord_title;Lord of the steppe;;;;;;;;;;;;;
steppe_lord_desc;Our Nomad brothers stroll around in the desert and as we claimed the mountains and the plains, they are the only region we have right to push in;;;;;;;;;;;;;
BUR_claim_tibet_title;Our Claims on Tibet;;;;;;;;;;;;;
BUR_claim_tibet_desc;We have beaten back the Chinese rebels, we have beaten back the Korean false Emperor. Now, we have proven ourselves as the rightful rulers of all Tibeto-Burmans, and we shall use our claim to strengthen our dominion;;;;;;;;;;;;;
floride_purchase_title;The Florida Purchase;;;;;;;;;;;;;
floride_purchase_desc;Now that we have friendly relations with the Amauldi we can make an offer to buy Florida;;;;;;;;;;;;;
claim_cuba_title;Claim Karib;;;;;;;;;;;;;
claim_cuba_desc;The island of Karib is part of the cairabbean and is rightfully ours;;;;;;;;;;;;;
abolish_slavery_pirates_title;Abolish Slavery in $COUNTRY$;;;;;;;;;;;;;
abolish_slavery_pirates_desc;It's time for us to abolish the inhuman practice of slavery;;;;;;;;;;;;;
educate_north_amazon_tribes_title;Educate the North Amazon Tribes;;;;;;;;;;;;;
educate_north_amazon_tribes_desc;When we first came to Columbia we thought that all the natives would have came to us to ask about our Lord and saviour. They haven't so maybe we should go for the hard way;;;;;;;;;;;;;
control_the_amazon_title;Control the Amazon;;;;;;;;;;;;;
control_the_amazon_desc;The Amazon River is partially navigable and it could be of great use to reach every indigen with the Holy Word.The only issue is that some hostile uncivilized infidels own that land;;;;;;;;;;;;;
take_belem_title;Take BelÃ©m;;;;;;;;;;;;;
take_belem_desc;The Genoese have sinned by exploiting natives instead of teaching them.Therefore their lands would come more well used by us;;;;;;;;;;;;;
combat_the_infidels_title;Proclaim the Holy War for Quito;;;;;;;;;;;;;
combat_the_infidels_desc;It's our role to protect the Catholic minority in the Incan Empire from the Incans' Satanic mix of cults and beliefs.Deus Vult!;;;;;;;;;;;;;
combat_the_heretics_title;Weaken the Scottish Heretics;;;;;;;;;;;;;
combat_the_heretics_desc;We shall weaken the Scottish heretics in the south.Taking the lands South of Guyana and BelÃ©m would be a great idea as they wouldn't stretch our borders too much.;;;;;;;;;;;;;
the_holy_needle_title;The Holy Needle;;;;;;;;;;;;;
the_holy_needle_desc;By starting a nation-wide vaccination campaign we can increase the qualiry of life of our citizens and decrease child mortality;;;;;;;;;;;;;
the_water_of_life_title;The Water of Life;;;;;;;;;;;;;
the_water_of_life_desc;Medicine has made great progresses that we should integrate in our healthcare system;;;;;;;;;;;;;
jesuit_schools_title;Estabilish more Jesuit Schools;;;;;;;;;;;;;
jesuit_schools_desc;We are known as the people of enseignants and therefore our schools have to be excellent and capillar around our territory;;;;;;;;;;;;;
annex_ngabe_title;Annex Ngabe;;;;;;;;;;;;;
annex_ngabe_desc;We have gained enough control over Ngabe and now they can't refuse a proposal of annexation;;;;;;;;;;;;;
reestablish_kontors_title;Re-Establish the Kontors;;;;;;;;;;;;;
reestablish_kontors_desc;With our resurgend power we should bring back the Hanseatic contors and bring back their merchants;;;;;;;;;;;;;
reinstate_newworld_kontors_title;Reinstate New World Kontors;;;;;;;;;;;;;
reinstate_newworld_kontors_desc;Not so long ago,Cities like Nuevelle Paris and Sankt Johann have become so called 'new world Kontors' having a more trading post like kontor.Now both have become real grown cities.WE could give them the title of Kontor;;;;;;;;;;;;;
integrate_kontors_desc;Long Kontors have been extraterritorial Lands not officially part of the Hanse.So while it rains and pours we should take whats ours and take some more!;;;;;;;;;;;;;
integrate_kontors_title;Integrate the Kontors;;;;;;;;;;;;;
proclaim_king_gauls_title;Proclaim yourself King ofthe Gauls;;;;;;;;;;;;;
proclaim_king_gauls_desc;Long have the Guals been struggeling under the Spaniards,Germans and the Dutch.They live in near Disapora except of course us.The Coranation is ready!;;;;;;;;;;;;;
unite_the_gauls_desc;You, as king of the Gauls, should own all of the gallo-roman lands directly;;;;;;;;;;;;;
unite_the_gauls_title;Unite the Gauls;;;;;;;;;;;;;
claim_freiland_title;Take on Freiland;;;;;;;;;;;;;
claim_freiland_desc;With the Slaves being free up north ,we should push out the germans from our half of the continent;;;;;;;;;;;;;
return_german_aristo_title;Return of the German Aristocrats;;;;;;;;;;;;;
return_german_aristo_desc;Czechs are Germans, but for long that has been in question as wee have been part of the Holy Roman Empire of the German Nation.We left it for being german ,but now is the time to return!;;;;;;;;;;;;;
form_hre_title;Renovatio Imperii;;;;;;;;;;;;;
form_hre_desc;The Roman empire fell, the Byzantine empire fell only the Holy Roman empire is holding on ,barely.With us getting every german Nation under controll we can proclaim what should hav e been lost to time.Renovatio Imperii anyone?;;;;;;;;;;;;;
reclaim_silesia_title;Reclaim Silesia;;;;;;;;;;;;;
reclaim_silesia_desc;The Saxons took Silesia away from us not so long ago.It has been in Bohemian hands for over half a millenia before;;;;;;;;;;;;;
force_boehmen_title;Reintegrate Bohemia;;;;;;;;;;;;;
force_boehmen_desc;Bohemia has been part of the Holy Roman empire for so long, ist hard to remember it without it.So now with Bohemia in controll of Germans once again, we could integrate it into the second reich;;;;;;;;;;;;;
rename_new_rome_title;Rename New Rome;;;;;;;;;;;;;
rename_new_rome_desc;These ancient lands are truly roman;;;;;;;;;;;;;
rename_palz_saarland_title;Palzer…;;;;;;;;;;;;;
rename_palz_saarland_desc;Es ist Zeit den Palzern zu zeigen wie wir ihre Stadt sehen;;;;;;;;;;;;;
rename_istanbul_german_title;German Constantinople;;;;;;;;;;;;;
rename_istanbul_german_desc;We have seized the city of the world's desire! We shall rename it as further proof of our control.;;;;;;;;;;;;;
german_renamed_savoy_aosta_title;German Savoie;;;;;;;;;;;;;
german_renamed_savoy_aosta_desc;We have seized the strategic Savoie region! We shall rename it as further proof of our control.;;;;;;;;;;;;;
lemanique_rename_german_title;Rename the Western Alps;;;;;;;;;;;;;
lemanique_rename_german_desc;We have seized the strategic region of the Western Alps! We shall rename it with German names as further proof of our control.;;;;;;;;;;;;;
lemanique_rename_french_title;Rename the Western Alps;;;;;;;;;;;;;
lemanique_rename_french_desc;We have seized the strategic region of the Western Alps! We shall rename it with French names as further proof of our control.;;;;;;;;;;;;;
minor_burgundy_rename_german_title;Rename Burgundy;;;;;;;;;;;;;
minor_burgundy_rename_german_desc;We have seized the prosperous region of Burgundy! We shal rename it with French names as further proof of our control.;;;;;;;;;;;;;
taungoo_restoration_title;Restore Greater Burma;;;;;;;;;;;;;
taungoo_restoration_desc;We shall retake the lands that was once conquered by the Great King Bayinnaung.;;;;;;;;;;;;;
burma_takes_chiang_mai_title;Annex Chiang Mai;;;;;;;;;;;;;
burma_takes_chiang_mai_desc;Chiang Mai has always been a grey zone between us and the Thai. Both sides claimed it as part of their Mandala, and both sides tolerated each other doing so. No more. We shall directly administer Chiang Mai from now.;;;;;;;;;;;;;
partition_bohemia_title;Partition of Bohemia;;;;;;;;;;;;;
partition_bohemia_desc;Bavaria owns the Bohemian homeland and we should capitalize on this.;;;;;;;;;;;;;
burma_form_eob_title;From the Tibeto-Burman Union;;;;;;;;;;;;;
burma_form_eob_desc;We have united all the Tibeto-Burmans under our dynasty. We shall form the Tibeto-Burman Union;;;;;;;;;;;;;
tibet_form_eob_title;From the Tibeto-Burman Union;;;;;;;;;;;;;
tibet_form_eob_desc;We have united all the Tibeto-Burmans under our dynasty. We shall form the Tibeto-Burman Union;;;;;;;;;;;;;
reclaim_east_frisia_title;Reclaim Frisia;;;;;;;;;;;;;
consolidate_krain_desc;The Carnolian lands have been historically part of our domain, but the Cilli counts have pilfered it from us. We should take action to rectify that historical mistake.;;;;;;;;;;;;;
consolidate_krain_title;Consolidate Krain;;;;;;;;;;;;;
reclaim_east_frisia_desc;The East Frisian lands have been historically part of our domain, but the Dutch have pilfered it from us. We should take action to rectify that historical mistake.;;;;;;;;;;;;;
we_lost_venice_title;We lost Venice;;;;;;;;;;;;;
we_lost_venice_desc;We lost our beautiful capital of Venice so it doesn't make sense we call ouself the Venetian Republic.How about Republic of San Marco?;;;;;;;;;;;;;
we_lost_genoa_title;We lost Genoa;;;;;;;;;;;;;
we_lost_genoa_desc;We lost our capital of Genoa so it doesn't make sense we call ouself the Genoese Republic.How about Tirrenian Republic?;;;;;;;;;;;;;
we_retook_venice_title;Return of Venice;;;;;;;;;;;;;
we_retook_venice_desc;Venice is once again part of our nation ,we can finally return to former glory and rename ourself to Venice once again;;;;;;;;;;;;;
we_retook_genoa_title;Return of Genoa;;;;;;;;;;;;;
we_retook_genoa_desc;Genoa is once again part of our nation ,we can finally return to former glory and rename ourself to Genoa once again;;;;;;;;;;;;;
claim_nogai_lands_title;Into the Turan Depression;;;;;;;;;;;;;
claim_nogai_lands_desc;The Kazakh steppes has always posed a problem to Russia. Countless Hordes have occupied it since time immemorial, and have raided greater Russia based from it. However, the tables have turned. The Nogai horde are now all but our subjects, and we have the authority to lay claim to their hinterlands. To Uralsk!;;;;;;;;;;;;;
annex_the_Kazakhs_title;Annexation of Kazakhstan;;;;;;;;;;;;;
annex_the_Kazakhs_desc;Russia needs more land for her people, and the Kazakh rump state stands open for colonization. We shall abolish the failing monarchy and build the Governorate of the Steppes to serve all of Russia.;;;;;;;;;;;;;
annex_Bukkhara_title;Annexation of Bukkhara;;;;;;;;;;;;;
annex_Bukkhara_desc;Bukkhara is too rich of a land for it to be languishing under the backwards monarchy. The khan can be bribed with an estate and some gold, and we shall add the lands into the Governorate of Central Asia.;;;;;;;;;;;;;
claim_moldavia_title;Claim Moldavia;;;;;;;;;;;;;
claim_moldavia_desc;The rump state of Transnistria has been continuously failing the Ruthenyan population it claims to rule over. That comes to an end today. We shall claim Transnistira once and for all. ;;;;;;;;;;;;;
claim_bryansk_title;Claim Bryansk;;;;;;;;;;;;;
claim_bryansk_desc;Bryansk has always been a sore point between Russia and Lithuania. With Smolenskians making up the majority of the rural population, the Lithuanian urban majority with the Ruthenyans weighing in on thier side has been the only obstacle in our control of the region. Now that we own White Ruthenia, that territory can be integrated into our realm.;;;;;;;;;;;;;
Take_Black_Sea_coast_title;Into Azov;;;;;;;;;;;;;
Take_Black_Sea_coast_desc;Azov has always been on the site for us. Tho a minor port for world standards, it is the only port in the Black sea that has been at least cordial with us. With increasing control over the hinterlands, now finally may be the moment to make the move.;;;;;;;;;;;;;
Take_Nogai_title;The Annexation of Nogai;;;;;;;;;;;;;
Take_Nogai_desc;Russia needs more land to grow, and the rump state of Nogai seems like our best bet. Russian immigration into their lands have already started, and we will make sure it continues.;;;;;;;;;;;;;
emancipate_ruthenyans_title;The Emancipation of Ruthenyans;;;;;;;;;;;;;
emancipate_ruthenyans_desc;Ruthenyans make up the vast majority of our population, but are treated like second class citizens. This cannot continue. We must stem Ruthenyan nationalism if we want to survive as a nation, and the first step is to treat them equally as Lithuanian citizens.;;;;;;;;;;;;;
lithuanian_poland_lithuania_ruthenia_title;The Polish-Lithuania-Ruthenyan Commonwealth;;;;;;;;;;;;;
lithuanian_poland_lithuania_ruthenia_desc;Lithuania and Poland cannot stand separated. While Poland may be weaker than Bavaria and the wider German sphere and Lithuania is weaker than Russia, we are stronger together. A commonwealth of Poles, Lithuanians, and Ruthenyans can challenge any great power!;;;;;;;;;;;;;
form_amazonas_title;Unite the Amazon;;;;;;;;;;;;;
form_amazonas_desc;A few states in the middle of the jungle no more.We should unite!;;;;;;;;;;;;;
incorparate_arabistan_title;Incorparate Muntafiq;;;;;;;;;;;;;
incorparate_arabistan_desc;Our vassal in Mesopotamia has been an important part of our emprie and with our increasing push for centralization , we should start with them;;;;;;;;;;;;;
centralize_kalani_title;Centralize the Karlani Empire;;;;;;;;;;;;;
centralize_kalani_desc;Our might has been weakened and there is only one reason for it.Our decentralizatrion is at fault;;;;;;;;;;;;;
end_armenia_title;Annex Armenia;;;;;;;;;;;;;
end_armenia_desc;Its time to centralize more and more of our Nation;;;;;;;;;;;;;
incorparate_yemen_title;Annex our Arabian Vassal;;;;;;;;;;;;;
incorparate_yemen_desc;Our vassal in Arabia has been an important part of our emprie and with our increasing push for centralization .We should start with them;;;;;;;;;;;;;
incorparate_aragon_title;Integrate Aragon;;;;;;;;;;;;;
incorparate_aragon_desc;With the Aragonese in our Hands ist time to annex them and make them an integral part of our nation;;;;;;;;;;;;;
join_hre_title;Join the Holy Roman Empire;;;;;;;;;;;;;
join_hre_desc;Whilest we aren't part of the empire, with our geographical and cultural location they cannot reject this offer;;;;;;;;;;;;;
claim_burgundy_title;Burgundy Expansion;;;;;;;;;;;;;
claim_burgundy_desc;Our Realm is strong and has room for expansion.With many Burgundians in our dominion we could go after their kingdom;;;;;;;;;;;;;
who_wants_champagne_title;The Lands West;;;;;;;;;;;;;
who_wants_champagne_desc;With Burgundy secured.We need to secure more french ,but geographically important lands.;;;;;;;;;;;;;
northern_manace_title;The Northern Menace;;;;;;;;;;;;;
northern_manace_desc;Luxembourg has long threatened our western german hemogony and have claims on the Saar;;;;;;;;;;;;;
rhineland_lorrainian_title;Lorrainian Natural Borders;;;;;;;;;;;;;
rhineland_lorrainian_desc;Our Dominion and Realm are the most secxure in Europe, the northern Border isnt very defendable.Lets fix that!;;;;;;;;;;;;;
claim_ingriya_title;Claim Ingriya;;;;;;;;;;;;;
claim_ingriya_desc;We have consolidated our heart lands.Let's get some more 'heart land';;;;;;;;;;;;;
coastal_crusade_desc;With our capture of Ingriya we can finally return to our former selfs;;;;;;;;;;;;;
coastal_crusade_title;Crusade for the Coast;;;;;;;;;;;;;
sco_give_supplies_title;Give supplies to England;;;;;;;;;;;;;
sco_give_supplies_desc;Looks like the English are having a civil war, if the Westminsters win we will have a Dutch puppet on our border, we can't let this happen. Send Supplies to England!;;;;;;;;;;;;;
claim_brandenburg_title;Claim Brandenburg;;;;;;;;;;;;;
claim_brandenburg_desc;Almost all Saxon lands are now under our rule, the only ones left is  pesky Brandenburg;;;;;;;;;;;;;
unite_bishops_title;Unite the Bishoprics;;;;;;;;;;;;;
unite_bishops_desc;For long , the Bishoprics of german descend have been disunited.Its has come time to change that.;;;;;;;;;;;;;
aztec_claim_ca_title;Claim the Central Columbia;;;;;;;;;;;;;
aztec_claim_ca_desc;We already are the strongest in the Central Columbia region so why not unify it?;;;;;;;;;;;;;
aztec_friend_pirates_title;Make Friends with the Pirates;;;;;;;;;;;;;
aztec_friend_pirates_desc;Us and the pirates share a common enemy, The Genoense, we should work together and beat them.;;;;;;;;;;;;;
become_denmark_title;Become Denmark;;;;;;;;;;;;;
become_denmark_desc;As we lost Norway, we have no right to call ourselves 'Denmark-Norway' anymore;;;;;;;;;;;;;
danish_holstein_title;The Duchy of Holstein;;;;;;;;;;;;;
danish_holstein_desc;There are Danes over in Holstein who aren't being represented by the Hanseatic government.WE should Liberate them;;;;;;;;;;;;;
danish_north_germany_title;German Expansion;;;;;;;;;;;;;
danish_north_germany_desc;We need to have a stronghold in Germany to show our german Hegemony;;;;;;;;;;;;;
swedish_karelia_title;Claim Karelia;;;;;;;;;;;;;
swedish_karelia_desc;There stre finns under Russin oppresion over in Karelia, we need to protect them!;;;;;;;;;;;;;
option_enable_revolts_title;Enable ToL Non-Dynamic Revolts;;;;;;;;;;;;;
option_enable_revolts_desc;This Options enables non-Dynamic Revolts ,as they rarely happen.This option does NOT disable Dynamic Revolts;;;;;;;;;;;;;
join_the_hansa_title;Join the Hanseatic League ;;;;;;;;;;;;;
join_the_hansa_desc;With growing german national sentiment we shopuld do something oursself;;;;;;;;;;;;;
talks_about_representation_title;Edict on Daimin gokuo;;;;;;;;;;;;;
talks_about_representation_desc;"As the events of Satsuma shock have shown, there is ample benefits to be had from learning from our southern colony of Sainantan. From their surprisingly advanced military to their economy, we have much to learn. Breaking from tradition, we shall issue an edict on the movement of Daimin Gokuo, or ""Ask the people, inform the Emperor"".";;;;;;;;;;;;;
become_prussia_title;Become Prussia;;;;;;;;;;;;;
become_prussia_desc;We lost our former home lands, we don't deserve our name...;;;;;;;;;;;;;
become_latvia_title;Become Latvia;;;;;;;;;;;;;
become_latvia_desc;We lost our former home lands, we don't deserve our name…;;;;;;;;;;;;;
become_estonia_title;Become Estonia;;;;;;;;;;;;;
become_estonia_desc;We lost our former home lands, we don't deserve our name…;;;;;;;;;;;;;
become_memel_title;Become Memelland;;;;;;;;;;;;;
become_memel_desc;We lost our former home lands, we don't deserve our name…;;;;;;;;;;;;;
unite_lorraine_title;Unite with the Saarland;;;;;;;;;;;;;
unite_lorraine_desc;Our two Nations are so similar ,that it makes sense to merge both states into one;;;;;;;;;;;;;
unite_aragon_title;Unite with Aragon;;;;;;;;;;;;;
unite_aragon_desc;Our two Nations are so similar ,that it makes sense to merge both states into one;;;;;;;;;;;;;
unite_occitania_title;Unite with Occitania;;;;;;;;;;;;;
unite_occitania_desc;Our two Nations are so similar ,that it makes sense to merge both states into one;;;;;;;;;;;;;
unite_illyria_title;Unite with Illyria;;;;;;;;;;;;;
unite_illyria_desc;Our two Nations are so similar ,that it makes sense to merge both states into one;;;;;;;;;;;;;
unite_prussia_title;Unite with Prussia;;;;;;;;;;;;;
unite_prussia_desc;Our two Nations are so similar ,that it makes sense to merge both states into one;;;;;;;;;;;;;
collapse_modifier_isa_title;Isa Ber is collapsing;;;;;;;;;;;;;
collapse_modifier_isa_desc;Our collapse is inevitable;;;;;;;;;;;;;
reform_caliphate_title;Reform the Caliphate;;;;;;;;;;;;;
reform_caliphate_desc;Our downfall was seen as inevitable ,but now we can finally stop this downfall and start to rise again!;;;;;;;;;;;;;
steal_yemen_title;Take Yemen from the Ethiopians!;;;;;;;;;;;;;
steal_yemen_desc;Those Ehiopians are trying to expand into the middle east, we should stop them before they get too far.;;;;;;;;;;;;;
ottoman_conquer_egypt_title;Send our army to Egypt!;;;;;;;;;;;;;
ottoman_conquer_egypt_desc;We will conquer Egypt. Our ancesters had fail to conquer Egypt and we will conquer it now.;;;;;;;;;;;;;
bohemian_language_schooling_title;Bohemian language reform;;;;;;;;;;;;;
bohemian_language_schooling_desc;With our conversion and return of the Germans to our nation we shouzld teach the remaining czechs and germans that bohemian is the new way to go;;;;;;;;;;;;;
expand_the_empire_title;Expand the imperium;;;;;;;;;;;;;
expand_the_empire_desc;Long have we been confined to this lake in the middle of nowhere.This nowhere should be our border;;;;;;;;;;;;;
roman_romanization_edict_title;Romanization Edict;;;;;;;;;;;;;
roman_romanization_edict_desc;With the new lands under our control, we should start integrating them into Nova Roma;;;;;;;;;;;;;
roman_romanization_edict_2_title;Second Romanization Edict;;;;;;;;;;;;;
roman_romanization_edict_2_desc;With the new lands under our control, we should start integrating them into Nova Roma;;;;;;;;;;;;;
claim_africa_title;Claim African Lands;;;;;;;;;;;;;
claim_africa_desc;We need to project our power and restore the empire to Glory, this time in Africa;;;;;;;;;;;;;
form_belgium_title;Unite Belgica;;;;;;;;;;;;;
form_belgium_desc;Us northerners have had a weird relationship with eachother, being close in culture and language, more than the Francien.;;;;;;;;;;;;;
corpus_iuris_civilis_title;The Corpus Iuris Civilis;;;;;;;;;;;;;
corpus_iuris_civilis_desc;For too long our laws have been messy, confusing and sometimes even contradictory each other. It's time for to reorganize our legislation into an ordered collection;;;;;;;;;;;;;
teach_czechs_title;Teach German in Bohemia;;;;;;;;;;;;;
teach_czechs_desc;With our conquest of the czechs many new commers have entered our realm.They sadly do not speak German which should change this instant;;;;;;;;;;;;;
claim_prussia_title;Claim Prussia;;;;;;;;;;;;;
claim_prussia_desc;We should gain the entire baltic and not just former Ortelsburg;;;;;;;;;;;;;
illyrian_union_title;Slavic compromise;;;;;;;;;;;;;
illyrian_union_desc;The Slavs are unhappy and they will continue to revolt as long as we won't do anything.We should protect thgem and only them.I'm sure the others won't mind;;;;;;;;;;;;;
reconsile_serbia_title;Serbian Border despute;;;;;;;;;;;;;
reconsile_serbia_desc;The Serbs have long been threatening us.We want peace for our people and that is only given if we can make peace with Serbia;;;;;;;;;;;;;
assimilate_dalmatia_title;Integrate Dalmatia;;;;;;;;;;;;;
assimilate_dalmatia_desc;The Dalmatians don't fit in.They speak a slavic language that doesn't fit in our greko-veneto empire.So let's integrate them by teaching our language;;;;;;;;;;;;;
doleh_treaty_port_title;Doleh Treaty Port;;;;;;;;;;;;;
doleh_treaty_port_desc;We are now gaining control of Doleh;;;;;;;;;;;;;
muroto_treaty_port_title;Elem Ifoko Treaty Port;;;;;;;;;;;;;
muroto_treaty_port_desc;We are now gaining control of Elem Ifoko;;;;;;;;;;;;;
minamiosumi_treaty_port_title;Minamiosumi Treaty Port;;;;;;;;;;;;;
minamiosumi_treaty_port_desc;We are now in control of Minamiosumi;;;;;;;;;;;;;
adale_treaty_port_title;Adale Treaty Port;;;;;;;;;;;;;
adale_treaty_port_desc;We are now in control of Adale;;;;;;;;;;;;;
masirah_treaty_port_title;Sur Masirah Treaty Port;;;;;;;;;;;;;
masirah_treaty_port_desc;We are now in control of Sur Masrirah;;;;;;;;;;;;;
spanish_northern_claim_title;Claim Northern Lands;;;;;;;;;;;;;
spanish_northern_claim_desc;There are Toledans living in southern Leon who should be part of our empire.;;;;;;;;;;;;;
spanish_granada_claim_title;Conquer Granada;;;;;;;;;;;;;
spanish_granada_claim_desc;Granada simply shouldn't exist it should have died centuries ago and now, too late I might add, we should conquer and convert them.;;;;;;;;;;;;;
offer_to_buy_mallorca_title;Offer to buy Mallorca;;;;;;;;;;;;;
offer_to_buy_mallorca_desc;The Islands have been under Genoese controll for a while and are acually part of Hispania, not Italy.So we could suggest to buy them.;;;;;;;;;;;;;
maghera_expansion_title;Maghera Expansion;;;;;;;;;;;;;
maghera_expansion_desc;The Administrative Zone of the City of Venice ends at the Sea, but our poeple are populating that sea, over populating.Its becoming hard to conduct trade and industrialize becaue of it.We could expand the Administrative zone of the City of Venice over to the coastal city Maghera.;;;;;;;;;;;;;
embrace_low_germans_title;Embrace the Low Germans;;;;;;;;;;;;;
embrace_low_germans_desc;They are similar in nature but sadly german non the less so less after a long discussion give them equal rights.;;;;;;;;;;;;;
centralize_northumbria_title;Centralize Northumbria;;;;;;;;;;;;;
centralize_northumbria_desc;After Northern Irish ones it's time for the English nobles to give up part of their power.;;;;;;;;;;;;;
biobio_mining_boom_title;Biobio mining boom;;;;;;;;;;;;;
biobio_mining_boom_desc;The estuaries of the Biobio river have one of the most rich coal reserves in the world. As we seek to modernize, these reserves cannot be passed over. We shall send european experts and our best miners to exploit the reserves at once.;;;;;;;;;;;;;
quito_land_reforms_title;Land reforms in Quito;;;;;;;;;;;;;
quito_land_reforms_desc;While the land distributions of the prior Sapa Incas had helped the local farmers in the south, the north-especially in the Quito region-has yet to see the benefits, due to improper implementation of the policy and lack of political will. This changes today. We shall help the farmers to own their own plots of land and modernize their production.;;;;;;;;;;;;;
incan_final_industry_reforms_title;A true modern industy;;;;;;;;;;;;;
incan_final_industry_reforms_desc;New mines, new farms, new industry, new jobs. The past economic progress has been a true boon to our nation, and we seek to continue that prosperity. With the final financial and fiscal reforms, we will set our nation on the path to an even greater future!;;;;;;;;;;;;;
iwakura_mission_sai_title;Iwakura Mission;;;;;;;;;;;;;
iwakura_mission_sai_desc;"The Iwakura Mission or Iwakura Embassy was a Japanese diplomatic journey around the world, initiated in $YEAR$ by the oligarchs of the Meiji period. Although it was not the only such """"mission"""", it is the most well-known and possibly most important for the modernization of Japan after a long period of isolation from the West. It was first proposed by the influential Dutch missionary and engineer Guido Verbeck and was probably based on the model of the Grand Embassy of Peter I. The purposes of the mission were twofold: To renegotiate the unequal treaties with the Great Powers that Japan had been forced into during the previous decades and to gather information on education, technology, culture, and military, social and economic structures from the countries visited in order to effect the modernization of Japan.";;;;;;;;;;;;;
declare_federation_title;Give greater Autonomy;;;;;;;;;;;;;
declare_federation_desc;We have many minorities in our empire who want more governing power ,but we also need to concentrate power;;;;;;;;;;;;;
human_rights_fra_title;Declare Human Rights;;;;;;;;;;;;;
human_rights_fra_desc;With growing liberalism among french minorities it is of upmost important to make them equal so they won't revolt;;;;;;;;;;;;;
embrace_liberalism_title;Embrace Liberlism;;;;;;;;;;;;;
embrace_liberalism_desc;More and More have we become Liberal in an effort to become a better nation;;;;;;;;;;;;;
french_federation_title;The French Federation;;;;;;;;;;;;;
french_federation_desc;With minorities having qual rights, being free and independant and local autonomy, the idea of a french federation;;;;;;;;;;;;;
centralize_power_title;Centralize Power;;;;;;;;;;;;;
centralize_power_desc;We have minorities that are unlawful and demand more autonomy.We cannot do this.We need to centralize our power despite their demands.;;;;;;;;;;;;;
suppress_minorities_title;Suppress Minorities;;;;;;;;;;;;;
suppress_minorities_desc;The minorities still demand more power in government but that doesn't mean we need to give them that, right?;;;;;;;;;;;;;
embrace_order_title;Embrace Order;;;;;;;;;;;;;
embrace_order_desc;The streets have become silent.Order is the norm in our politics.It has truly become our national value.;;;;;;;;;;;;;
the_ideal_order_title;The Ideal Order;;;;;;;;;;;;;
the_ideal_order_desc;It has been silent…  The Order…. We need full Order and obeying People… In Private, Public and Political life…;;;;;;;;;;;;;
reclaim_levant_byz_title;Reclaim the Levant;;;;;;;;;;;;;
reclaim_levant_byz_desc;To return to our former glory, we have to also regain our power in the Mediteranian.The Levant is a great start to do so;;;;;;;;;;;;;
reclaim_egypt_title;Reclaim Egypt;;;;;;;;;;;;;
reclaim_egypt_desc;Egypt was proudly roman.So much even that they kept their weird greekified language.Its time to get them back to the empire;;;;;;;;;;;;;
reclaim_maghreb_title;Reclaim the Barbary Coast;;;;;;;;;;;;;
reclaim_maghreb_desc;To fulfill our destiny we need close to full Mediteranian domination and the Barbary Coast is a great place to do that;;;;;;;;;;;;;
on_to_italia_title;Return to Italia;;;;;;;;;;;;;
on_to_italia_desc;Our last Destination.Italia or at least the south of it.;;;;;;;;;;;;;
form_rome_title;Roma Aeterna;;;;;;;;;;;;;
form_rome_desc;Long Rome has been lost but stll present in the minds of its succesors, buried under the sands of time but Rome is eternal. ROMA AETERNA!;;;;;;;;;;;;;
core_FRZ_title;The true France;;;;;;;;;;;;;
core_FRZ_desc;With our war concluded we can finally poudly say, We are the true France;;;;;;;;;;;;;
claim_loango_title;Claim Loango;;;;;;;;;;;;;
claim_loango_desc;Loango is our smaller and weaker neighbour.They are basically Kongo 2 but there can only be one.;;;;;;;;;;;;;
claim_lunda_title;Claim Lunda;;;;;;;;;;;;;
claim_lunda_desc;Lunda is currently the biggest threat to us and we should just conquer them;;;;;;;;;;;;;
claim_south_central_title;The Southern Bantus;;;;;;;;;;;;;
claim_south_central_desc;In our persuit to unite the Bantus, we have to go and also go conquer the Bantus south of us.;;;;;;;;;;;;;
jungle_conquest_title;Jungle Conquest;;;;;;;;;;;;;
jungle_conquest_desc;Our Lands are broad and they still need to be broadened as long as there are still Bantu people living in opression;;;;;;;;;;;;;
claim_tangyika_title;The Eastern Bantus;;;;;;;;;;;;;
claim_tangyika_desc;The people behind Kale Tangyika are Bantu too and need Protection;;;;;;;;;;;;;
form_bantu_title;Unite the Bantu;;;;;;;;;;;;;
form_bantu_desc;Never have the Bantu's been united.Its time to fix that!;;;;;;;;;;;;;
ottoman_change_culture_title;Embrace Ottomanism;;;;;;;;;;;;
ottoman_change_culture_desc;Eventhough we are Turks we have been seperated from our homeland for over 400 years our culture has changed a lot from the Turkish culture, from now on our culture is the Ottoman culture.;;;;;;;;;;;;
burma_claim_dali_title;Rename Dali;;;;;;;;;;;;
burma_claim_dali_desc;We took back our homeland from the Chinese, now we'll rename the cities to what we used to called them.;;;;;;;;;;;;
reclaim_angevin_lands_title;Claim the Angevin Empire;;;;;;;;;;;;
reclaim_angevin_lands_desc;Our nation represents all the british people and their claims and ideals, therefore we have the right to indentify ourselves as the heirs of the Angevin Empire.;;;;;;;;;;;;
french_kingdom_status_title;Take the title of King of France;;;;;;;;;;;;
french_kingdom_status_desc;Now that we have retaken the French duchies we can reorganize them into the Title of Kingdom of France, angering the Bourbons but also making us more likeable in the eyes of the population of the newly conquered territory.;;;;;;;;;;;;
english_expansion_title;Expand into England;;;;;;;;;;;;
english_expansion_desc;To better connect our territories we can use ambiguous maps and documents to claim a part of England.;;;;;;;;;;;;
claim_north_sea_title;Claim the Noord See;;;;;;;;;;;;
claim_north_sea_desc;Our low German borthers need to be under our controll;;;;;;;;;;;;
claim_low_germany_title;Claim Low Germany;;;;;;;;;;;;
claim_low_germany_desc;The Dutch and the low Germans are so closely related, we very well could be one people.Why not?We need to protect our brothers;;;;;;;;;;;;
unite_low_germany_title;Form Low Germany;;;;;;;;;;;;
unite_low_germany_desc;The Low Germans and the Dutch are finally united!;;;;;;;;;;;;
new_england_rename_usa_title;Rename Neu Lübeck;;;;;;;;;;;;
new_england_rename_usa_desc;Now that we have taken back our rightful territories from the Germans, we should rename them to their proper French names.;;;;;;;;;;;;
new_england_rename_aki_title;Rename Nouvelle France;;;;;;;;;;;;
new_england_rename_aki_desc;Now that we have taken back our rightful territories from Amouldi Kingdom, we should rename them to their proper German names.;;;;;;;;;;;;
new_york_usa_title;Rename Nouvelle Paris;;;;;;;;;;;;
new_york_usa_desc;Now that we have taken back our rightful territories from the Germans, we should rename them to their proper French names.;;;;;;;;;;;;
new_york_aki_title;Rename Nouvelle Paris;;;;;;;;;;;;
new_york_aki_desc;Now that we have taken back our rightful territories from the Frenchies, we should rename them to their proper German names.;;;;;;;;;;;;
amauldi_change_capital_title;Change our capital to Baltimore;;;;;;;;;;;;
amauldi_change_capital_desc;Our captial city is too close to Akino-League this will cause us some problems if we're at war with them, we should move our capital a bit south.;;;;;;;;;;;;
core_UOW_title;The civil war is over;;;;;;;;;;;;;
core_UOW_desc;With our civil war concluded we can finally poudly say, We are the true England;;;;;;;;;;;;;
core_ENL_title;The civil war is over;;;;;;;;;;;;;
core_ENL_desc;With our civil war concluded we can finally poudly say, We are the true England;;;;;;;;;;;;;
bul_claim_macedonia_title;Claim Macedonia;;;;;;;;;;;;
bul_claim_macedonia_desc;We have defeated the Ottomans and gained our independent, this shows us that we can fight them and now we'll take back our historic lands from them.;;;;;;;;;;;;
claim_greater_bulgaria_title;Form Greater Bulgaria;;;;;;;;;;;;
claim_greater_bulgaria_desc;We've carved a lot of land out of the Ottoman Empire, but we still lack integral part of our nation. Conquering them is the only way to reclaim our rightful place in Europe and restore the glory of our ancestors.;;;;;;;;;;;;
bulgaria_take_constantinople_title;Liberate Constantinople;;;;;;;;;;;;
bulgaria_take_constantinople_desc;Constantinople used to be a beacon of christianity, for both the catholic and orthodox faith. Sadly, the city fell in the hands of the infidel turks. We will take it back!;;;;;;;;;;;;
bul_claim_romania_albania_title;Restore the lands of the Frist Bulgarian Empire;;;;;;;;;;;;
bul_claim_romania_albania_desc;Our nation is now strong enough to compare itself to the mighty First Bulgarian Empire. We are going to claim back the lands that were once part of it, and nobody is going to be able to stop us!;;;;;;;;;;;;
King_Mezzogiorno_title;King of the Mezzogiorno;;;;;;;;;;;;
King_Mezzogiorno_desc;Since the death of the last member of House Bourbon-Naples in 1844, the throne of our kingdom remained empty. We should invite the most illustrious dynasties of the realm to partecipate in a great council, so we can discuss who shall become the new King of Naples.;;;;;;;;;;;;
ottoman_factories_title;Build factories in Kostantiniye;;;;;;;;;;;;
ottoman_factories_desc;The Western Powers are industrializing fast and we're falling behind we should build some factories.;;;;;;;;;;;;
coast_romans_title;Mare Nostrum;;;;;;;;;;;;
coast_romans_desc;With Rome restored ine east, its time to conquer the West.;;;;;;;;;;;;
form_gewesten_title;Form Verenigde Gewesten;;;;;;;;;;;;
form_gewesten_desc;The Gekkers and Veldeuwers have been long devided whilest being culturally the same.The day has come to reunite that divided house!;;;;;;;;;;;;
french_renaissance_title;French Renaissance;;;;;;;;;;;;
french_renaissance_desc;With the old regime gone a new France can reemerge from the ruins like the Phoenix it is.Vive la France!;;;;;;;;;;;;
buy_neu_mark_title;Buy Neumark;;;;;;;;;;;;
buy_neu_mark_desc;Neumark has been part of the Teutons for ages.Its an exclave that doesn't benefit them in any way.We might take that burden away from them.;;;;;;;;;;;;
rem_core_occ_title;We are Seperate;;;;;;;;;;;;;
rem_core_occ_desc;With our war concluded we can finally poudly say, we are not France;;;;;;;;;;;;;
greater_saarland_title;Greater Saarland;;;;;;;;;;;;;
greater_saarland_desc;The Saarland is strong, beautiful and needs more land.Let's bring the Joy of being a Saarländer to the world;;;;;;;;;;;;;
saarempire_title;The Saarempire;;;;;;;;;;;;;
saarempire_desc;Saarland has shown the world its beauty, but not all of Germany has seen it yet, now its time for the Borderlands to join the Saar mission... some might say... Saarempire...;;;;;;;;;;;;;
remove_mozarabics_title;Remove Mozarabics;;;;;;;;;;;;;
remove_mozarabics_desc;The Mozarabs have lived inside Hispania since the dawn of time, sadly they are muslim and thus not compatable with us.Let them be 'taught' how to be right.Who doesn't comply gets the death penalty!;;;;;;;;;;;;;
decore_gen_title;We won!;;;;;;;;;;;;;
decore_gen_desc;The pesky Genoaese have supressed us for too long, they should nolonger dare to call us part of them!;;;;;;;;;;;;;
recoqnuer_genoa_title;Reconquer our old Holdings;;;;;;;;;;;;;
recoqnuer_genoa_desc;After the Revolution we have been put down the ditch that is lonely Liguria;;;;;;;;;;;;;
cede_mallorca_genoa_title;Steal Mallorca;;;;;;;;;;;;;
cede_mallorca_desc;Genoa is in trouble adn they still hold our Coastal Lands;;;;;;;;;;;;;
hate_frenchies_title;Expell the French;;;;;;;;;;;;;
hate_frenchies_desc;The French have opressed us for too long!Its time to opress them back!;;;;;;;;;;;;;
claim_prussia_lit_title;Claim Great Lithuania;;;;;;;;;;;;;
claim_prussia_lit_desc;The Lands below Lithuania proper once were part of we call 'greater Lithuania'.It now should b part of true Lithuania proper;;;;;;;;;;;;;
declare_merchant_war_title;The Merchants struggle;;;;;;;;;;;;;
declare_merchant_war_desc;The Genoese and Venetians have been in a deep rivalry since the middle ages.Maybe its time to officially tip the scales and end this once and for all.And humiliate Genoa;;;;;;;;;;;;;
genoa_to_venice_peace_title;The Merchants Peace;;;;;;;;;;;;;
genoa_to_venice_peace_desc;The war is over, we won. Now its time for peace terms;;;;;;;;;;;;;
venice_to_genoa_peace_title;The Merchants Peace;;;;;;;;;;;;;
venice_to_genoa_peace_desc;The war is over, we won. Now its time for peace terms;;;;;;;;;;;;;